split,startDate,duration,totalEnergyBurned,totalDistance,averageHeartRate,percentInZone,minHR,maxHR,stdHR
Abs,2024-06-07T20:42:12Z,1791.970206975937,126.21299999999859,0.0,94.09178948072919,0.014925373134328358,66.0,136.0,16.52024694323264
Abs,2024-04-19T15:43:31Z,1781.0079050064087,116.52298016752682,0.0,92.33983516483518,0.0,59.0,120.0,12.91597875836348
Chest/back,2024-04-18T15:50:01Z,4290.77262198925,379.19265695084965,0.0,108.32440179604009,0.07645631067961164,52.0,151.0,16.212644436889924
Legs,2024-02-28T15:51:36Z,4793.644187092781,515.0635189288446,0.0,117.47868263007936,0.2701271186440678,56.0,160.0,18.41677524228713
Legs,2024-01-23T21:52:08Z,4127.222426056862,558.1919999999926,0.0,128.91694822125046,0.44957472660996356,61.0,137.98107255520503,34.27237888881532
Push,2024-06-19T23:52:08Z,2957.47038602829,260.81577919668047,0.0,110.05974280274347,0.11496350364963503,58.0,153.0,17.691629629415637
Sarms,2024-02-11T16:42:52Z,4144.756751894951,412.4929999999929,0.0,113.91730171912191,0.1718555417185554,54.0,133.0,27.82021682562087
Push,2024-03-17T14:21:27Z,4524.21016395092,396.52991279179446,0.0,111.95404155138449,0.08476517754868271,58.28451919555664,158.0,13.207892166229774
Pull,2024-04-11T15:33:13Z,2973.1026179790497,238.9196153724541,0.0,100.77125012931275,0.04363636363636364,56.0,149.0,18.218849362499594
